<?xml version="1.0" encoding="UTF-8"?>
<export version="D">
  <design>
    <source>/home/cphajduk/kicad/Projects/TB6600 Driver Carrier.sch</source>
    <date>Thu 23 May 2019 03:19:57 PM EDT</date>
    <tool>Eeschema 4.0.2+dfsg1-stable</tool>
    <sheet number="1" name="/" tstamps="/">
      <title_block>
        <title/>
        <company/>
        <rev/>
        <date/>
        <source>TB6600 Driver Carrier.sch</source>
        <comment number="1" value=""/>
        <comment number="2" value=""/>
        <comment number="3" value=""/>
        <comment number="4" value=""/>
      </title_block>
    </sheet>
  </design>
  <components>
    <comp ref="P8">
      <value>X-Driver</value>
      <footprint>TB6600 Driver:TB6600 Driver</footprint>
      <libsource lib="conn" part="CONN_01X10"/>
      <sheetpath names="/" tstamps="/"/>
      <tstamp>5CE5B1D8</tstamp>
    </comp>
    <comp ref="P9">
      <value>Y1-Driver</value>
      <footprint>TB6600 Driver:TB6600 Driver</footprint>
      <libsource lib="conn" part="CONN_01X10"/>
      <sheetpath names="/" tstamps="/"/>
      <tstamp>5CE5B240</tstamp>
    </comp>
    <comp ref="P10">
      <value>Y2-Driver</value>
      <footprint>TB6600 Driver:TB6600 Driver</footprint>
      <libsource lib="conn" part="CONN_01X10"/>
      <sheetpath names="/" tstamps="/"/>
      <tstamp>5CE5B28E</tstamp>
    </comp>
    <comp ref="P11">
      <value>Z-Driver</value>
      <footprint>TB6600 Driver:TB6600 Driver</footprint>
      <libsource lib="conn" part="CONN_01X10"/>
      <sheetpath names="/" tstamps="/"/>
      <tstamp>5CE5B2D3</tstamp>
    </comp>
    <comp ref="SW3">
      <value>Play_Btn</value>
      <footprint>Buttons_Switches_ThroughHole:SW_PUSH-12mm</footprint>
      <libsource lib="device" part="SW_PUSH"/>
      <sheetpath names="/" tstamps="/"/>
      <tstamp>5CE5B35A</tstamp>
    </comp>
    <comp ref="SW2">
      <value>Pause_Btn</value>
      <footprint>Buttons_Switches_ThroughHole:SW_PUSH-12mm</footprint>
      <libsource lib="device" part="SW_PUSH"/>
      <sheetpath names="/" tstamps="/"/>
      <tstamp>5CE5B3BE</tstamp>
    </comp>
    <comp ref="SW1">
      <value>Cancel_Btn</value>
      <footprint>Buttons_Switches_ThroughHole:SW_PUSH-12mm</footprint>
      <libsource lib="device" part="SW_PUSH"/>
      <sheetpath names="/" tstamps="/"/>
      <tstamp>5CE5B3F2</tstamp>
    </comp>
    <comp ref="A1">
      <value>ARDUINO_UNO_REV3</value>
      <footprint>ARDUINO_UNO_REV3_DEVELOPMENT_BOARD:ARDUINO_UNO_REV3_DEVELOPMENT_BOARD</footprint>
      <datasheet>Arduino</datasheet>
      <fields>
        <field name="Field4">None</field>
        <field name="Field5">Unavailable</field>
        <field name="Field7">ARDUINO UNO REV3 DEVELOPMENT BOARD</field>
        <field name="Field8">None</field>
      </fields>
      <libsource lib="ARDUINO_UNO_REV3_DEVELOPMENT_BOARD" part="ARDUINO_UNO_REV3_DEVELOPMENT_BOARD"/>
      <sheetpath names="/" tstamps="/"/>
      <tstamp>5CE5B5A1</tstamp>
    </comp>
    <comp ref="P3">
      <value>OtherControls</value>
      <footprint>Terminal_Blocks:TerminalBlock_Pheonix_MPT-2.54mm_5pol</footprint>
      <libsource lib="conn" part="CONN_01X05"/>
      <sheetpath names="/" tstamps="/"/>
      <tstamp>5CE5CD63</tstamp>
    </comp>
    <comp ref="P2">
      <value>XYZLimits</value>
      <footprint>Terminal_Blocks:TerminalBlock_Pheonix_MPT-2.54mm_4pol</footprint>
      <libsource lib="conn" part="CONN_01X04"/>
      <sheetpath names="/" tstamps="/"/>
      <tstamp>5CE5D3C6</tstamp>
    </comp>
    <comp ref="CON1">
      <value>BARREL_JACK</value>
      <footprint>Connect:BARREL_JACK</footprint>
      <libsource lib="conn" part="BARREL_JACK"/>
      <sheetpath names="/" tstamps="/"/>
      <tstamp>5CE5DB48</tstamp>
    </comp>
    <comp ref="P4">
      <value>XMotor</value>
      <footprint>Terminal_Blocks:TerminalBlock_Pheonix_MPT-2.54mm_4pol</footprint>
      <libsource lib="conn" part="CONN_01X04"/>
      <sheetpath names="/" tstamps="/"/>
      <tstamp>5CE5E9C0</tstamp>
    </comp>
    <comp ref="P5">
      <value>Y1Motor</value>
      <footprint>Terminal_Blocks:TerminalBlock_Pheonix_MPT-2.54mm_4pol</footprint>
      <libsource lib="conn" part="CONN_01X04"/>
      <sheetpath names="/" tstamps="/"/>
      <tstamp>5CE5EE93</tstamp>
    </comp>
    <comp ref="P6">
      <value>Y2Motor</value>
      <footprint>Terminal_Blocks:TerminalBlock_Pheonix_MPT-2.54mm_4pol</footprint>
      <libsource lib="conn" part="CONN_01X04"/>
      <sheetpath names="/" tstamps="/"/>
      <tstamp>5CE5F34D</tstamp>
    </comp>
    <comp ref="P7">
      <value>Y2Motor</value>
      <footprint>Terminal_Blocks:TerminalBlock_Pheonix_MPT-2.54mm_4pol</footprint>
      <libsource lib="conn" part="CONN_01X04"/>
      <sheetpath names="/" tstamps="/"/>
      <tstamp>5CE5F689</tstamp>
    </comp>
    <comp ref="SW4">
      <value>SPST</value>
      <footprint>Terminal_Blocks:TerminalBlock_Pheonix_MPT-2.54mm_2pol</footprint>
      <libsource lib="device" part="SPST"/>
      <sheetpath names="/" tstamps="/"/>
      <tstamp>5CE6C591</tstamp>
    </comp>
    <comp ref="D1">
      <value>V15PN50-M3/86A</value>
      <footprint>V15PN50-M386A:V15PN50-M386A</footprint>
      <libsource lib="device" part="D_Schottky"/>
      <sheetpath names="/" tstamps="/"/>
      <tstamp>5CE6CA51</tstamp>
    </comp>
    <comp ref="P1">
      <value>Fan</value>
      <footprint>Terminal_Blocks:TerminalBlock_Pheonix_MPT-2.54mm_2pol</footprint>
      <libsource lib="conn" part="CONN_01X02"/>
      <sheetpath names="/" tstamps="/"/>
      <tstamp>5CE6D51B</tstamp>
    </comp>
    <comp ref="U1">
      <value>S-1142BC0I-E6T1U</value>
      <footprint>S-1142BC5I-E6T1U - 6HSOP:S-1142BC5I-E6T1U - 6HSOP</footprint>
      <libsource lib="s-1142bc0i-e6t1u" part="S-1142BC0I-E6T1U"/>
      <sheetpath names="/" tstamps="/"/>
      <tstamp>5CE6DFBB</tstamp>
    </comp>
    <comp ref="C1">
      <value>0.1uF</value>
      <footprint>Capacitors_SMD:C_0603_HandSoldering</footprint>
      <libsource lib="device" part="C_Small"/>
      <sheetpath names="/" tstamps="/"/>
      <tstamp>5CE6E684</tstamp>
    </comp>
    <comp ref="C2">
      <value>0.1uF</value>
      <footprint>Capacitors_SMD:C_0603_HandSoldering</footprint>
      <libsource lib="device" part="C_Small"/>
      <sheetpath names="/" tstamps="/"/>
      <tstamp>5CE6E6E5</tstamp>
    </comp>
    <comp ref="P12">
      <value>XLimit</value>
      <footprint>Pin_Headers:Pin_Header_Angled_1x03</footprint>
      <libsource lib="conn" part="CONN_01X03"/>
      <sheetpath names="/" tstamps="/"/>
      <tstamp>5CE721A2</tstamp>
    </comp>
    <comp ref="P13">
      <value>YLimit</value>
      <footprint>Pin_Headers:Pin_Header_Angled_1x03</footprint>
      <libsource lib="conn" part="CONN_01X03"/>
      <sheetpath names="/" tstamps="/"/>
      <tstamp>5CE7227B</tstamp>
    </comp>
    <comp ref="P14">
      <value>ZLimit</value>
      <footprint>Pin_Headers:Pin_Header_Angled_1x03</footprint>
      <libsource lib="conn" part="CONN_01X03"/>
      <sheetpath names="/" tstamps="/"/>
      <tstamp>5CE722E0</tstamp>
    </comp>
  </components>
  <libparts>
    <libpart lib="ARDUINO_UNO_REV3_DEVELOPMENT_BOARD" part="ARDUINO_UNO_REV3_DEVELOPMENT_BOARD">
      <fields>
        <field name="Reference">A</field>
        <field name="Value">ARDUINO_UNO_REV3_DEVELOPMENT_BOARD</field>
        <field name="Footprint">ARDUINO_UNO_REV3_DEVELOPMENT_BOARD</field>
        <field name="Datasheet">Arduino</field>
        <field name="Field4">None</field>
        <field name="Field5">Unavailable</field>
        <field name="Field7">ARDUINO UNO REV3 DEVELOPMENT BOARD</field>
        <field name="Field8">None</field>
      </fields>
      <pins>
        <pin num="2" name="+5V_1" type="passive"/>
        <pin num="3" name="RESET" type="passive"/>
        <pin num="4" name="+3V3" type="passive"/>
        <pin num="5" name="+5V_2" type="passive"/>
        <pin num="6" name="GND1" type="passive"/>
        <pin num="7" name="GND2" type="passive"/>
        <pin num="8" name="VIN" type="passive"/>
        <pin num="9" name="AD0" type="passive"/>
        <pin num="10" name="AD1" type="passive"/>
        <pin num="11" name="AD2" type="passive"/>
        <pin num="12" name="AD3" type="passive"/>
        <pin num="13" name="AD4/SDA_1" type="passive"/>
        <pin num="14" name="AD5/SCL_1" type="passive"/>
        <pin num="15" name="0" type="passive"/>
        <pin num="16" name="1" type="passive"/>
        <pin num="17" name="2" type="passive"/>
        <pin num="18" name="3" type="passive"/>
        <pin num="19" name="4" type="passive"/>
        <pin num="20" name="5" type="passive"/>
        <pin num="21" name="6" type="passive"/>
        <pin num="22" name="7" type="passive"/>
        <pin num="23" name="8" type="passive"/>
        <pin num="24" name="9" type="passive"/>
        <pin num="25" name="10" type="passive"/>
        <pin num="26" name="11" type="passive"/>
        <pin num="27" name="12" type="passive"/>
        <pin num="28" name="13" type="passive"/>
        <pin num="29" name="GND3" type="passive"/>
        <pin num="30" name="AREF" type="passive"/>
        <pin num="31" name="AD4/SDA_2" type="passive"/>
        <pin num="32" name="AD5/SCL_2" type="passive"/>
      </pins>
    </libpart>
    <libpart lib="conn" part="BARREL_JACK">
      <description>DC Barrel Jack</description>
      <fields>
        <field name="Reference">CON</field>
        <field name="Value">BARREL_JACK</field>
      </fields>
      <pins>
        <pin num="1" name="~" type="passive"/>
        <pin num="2" name="~" type="passive"/>
        <pin num="3" name="~" type="passive"/>
      </pins>
    </libpart>
    <libpart lib="conn" part="CONN_01X02">
      <description>Connector 01x02</description>
      <footprints>
        <fp>Pin_Header_Straight_1X02</fp>
        <fp>Pin_Header_Angled_1X02</fp>
        <fp>Socket_Strip_Straight_1X02</fp>
        <fp>Socket_Strip_Angled_1X02</fp>
      </footprints>
      <fields>
        <field name="Reference">P</field>
        <field name="Value">CONN_01X02</field>
      </fields>
      <pins>
        <pin num="1" name="P1" type="passive"/>
        <pin num="2" name="P2" type="passive"/>
      </pins>
    </libpart>
    <libpart lib="conn" part="CONN_01X03">
      <description>Connector 01x03</description>
      <footprints>
        <fp>Pin_Header_Straight_1X03</fp>
        <fp>Pin_Header_Angled_1X03</fp>
        <fp>Socket_Strip_Straight_1X03</fp>
        <fp>Socket_Strip_Angled_1X03</fp>
      </footprints>
      <fields>
        <field name="Reference">P</field>
        <field name="Value">CONN_01X03</field>
      </fields>
      <pins>
        <pin num="1" name="P1" type="passive"/>
        <pin num="2" name="P2" type="passive"/>
        <pin num="3" name="P3" type="passive"/>
      </pins>
    </libpart>
    <libpart lib="conn" part="CONN_01X04">
      <description>Connector 01x04</description>
      <footprints>
        <fp>Pin_Header_Straight_1X04</fp>
        <fp>Pin_Header_Angled_1X04</fp>
        <fp>Socket_Strip_Straight_1X04</fp>
        <fp>Socket_Strip_Angled_1X04</fp>
      </footprints>
      <fields>
        <field name="Reference">P</field>
        <field name="Value">CONN_01X04</field>
      </fields>
      <pins>
        <pin num="1" name="P1" type="passive"/>
        <pin num="2" name="P2" type="passive"/>
        <pin num="3" name="P3" type="passive"/>
        <pin num="4" name="P4" type="passive"/>
      </pins>
    </libpart>
    <libpart lib="conn" part="CONN_01X05">
      <description>Connector 01x05</description>
      <footprints>
        <fp>Pin_Header_Straight_1X05</fp>
        <fp>Pin_Header_Angled_1X05</fp>
        <fp>Socket_Strip_Straight_1X05</fp>
        <fp>Socket_Strip_Angled_1X05</fp>
      </footprints>
      <fields>
        <field name="Reference">P</field>
        <field name="Value">CONN_01X05</field>
      </fields>
      <pins>
        <pin num="1" name="P1" type="passive"/>
        <pin num="2" name="P2" type="passive"/>
        <pin num="3" name="P3" type="passive"/>
        <pin num="4" name="P4" type="passive"/>
        <pin num="5" name="P5" type="passive"/>
      </pins>
    </libpart>
    <libpart lib="conn" part="CONN_01X10">
      <description>Connector 01x10</description>
      <footprints>
        <fp>Pin_Header_Straight_1X10</fp>
        <fp>Pin_Header_Angled_1X10</fp>
        <fp>Socket_Strip_Straight_1X10</fp>
        <fp>Socket_Strip_Angled_1X10</fp>
      </footprints>
      <fields>
        <field name="Reference">P</field>
        <field name="Value">CONN_01X10</field>
      </fields>
      <pins>
        <pin num="1" name="P1" type="passive"/>
        <pin num="2" name="P2" type="passive"/>
        <pin num="3" name="P3" type="passive"/>
        <pin num="4" name="P4" type="passive"/>
        <pin num="5" name="P5" type="passive"/>
        <pin num="6" name="P6" type="passive"/>
        <pin num="7" name="P7" type="passive"/>
        <pin num="8" name="P8" type="passive"/>
        <pin num="9" name="P9" type="passive"/>
        <pin num="10" name="P10" type="passive"/>
      </pins>
    </libpart>
    <libpart lib="device" part="C_Small">
      <description>Unpolarized capacitor</description>
      <footprints>
        <fp>C?</fp>
        <fp>C_????_*</fp>
        <fp>C_????</fp>
        <fp>SMD*_c</fp>
        <fp>Capacitor*</fp>
      </footprints>
      <fields>
        <field name="Reference">C</field>
        <field name="Value">C_Small</field>
      </fields>
      <pins>
        <pin num="1" name="~" type="passive"/>
        <pin num="2" name="~" type="passive"/>
      </pins>
    </libpart>
    <libpart lib="device" part="D_Schottky">
      <description>Diode schottky</description>
      <footprints>
        <fp>D-Pak_TO252AA</fp>
        <fp>Diode_*</fp>
        <fp>*SingleDiode</fp>
        <fp>*SingleDiode*</fp>
        <fp>*_Diode_*</fp>
      </footprints>
      <fields>
        <field name="Reference">D</field>
        <field name="Value">D_Schottky</field>
      </fields>
      <pins>
        <pin num="1" name="K" type="passive"/>
        <pin num="2" name="A" type="passive"/>
      </pins>
    </libpart>
    <libpart lib="s-1142bc0i-e6t1u" part="S-1142BC0I-E6T1U">
      <description>300 mA Low Dropout Voltage Regulator, Fixed Output 1.2V, SC-70-4</description>
      <docs>http://www.a-powerusa.com/docs/APE8865-3.pdf</docs>
      <footprints>
        <fp>SC*</fp>
      </footprints>
      <fields>
        <field name="Reference">U</field>
        <field name="Value">S-1142BC0I-E6T1U</field>
        <field name="Footprint">HSOP-6</field>
      </fields>
      <pins>
        <pin num="1" name="VOUT" type="power_out"/>
        <pin num="2" name="VSS" type="power_in"/>
        <pin num="3" name="ON/OFF" type="input"/>
        <pin num="4" name="NC" type="NotConnected"/>
        <pin num="5" name="VSS" type="power_out"/>
        <pin num="6" name="VIN" type="power_in"/>
      </pins>
    </libpart>
    <libpart lib="device" part="SPST">
      <description>Interrupteur simple</description>
      <fields>
        <field name="Reference">SW</field>
        <field name="Value">SPST</field>
      </fields>
      <pins>
        <pin num="1" name="1" type="input"/>
        <pin num="2" name="2" type="input"/>
      </pins>
    </libpart>
    <libpart lib="device" part="SW_PUSH">
      <description>Button</description>
      <fields>
        <field name="Reference">SW</field>
        <field name="Value">SW_PUSH</field>
      </fields>
      <pins>
        <pin num="1" name="1" type="passive"/>
        <pin num="2" name="2" type="passive"/>
      </pins>
    </libpart>
  </libparts>
  <libraries>
    <library logical="s-1142bc0i-e6t1u">
      <uri>/home/cphajduk/kicad/Libraries/s-1142bc0i-e6t1u.lib</uri>
    </library>
    <library logical="device">
      <uri>/usr/share/kicad/library/device.lib</uri>
    </library>
    <library logical="ARDUINO_UNO_REV3_DEVELOPMENT_BOARD">
      <uri>/home/cphajduk/kicad/Libraries/ARDUINO_UNO_REV3_DEVELOPMENT_BOARD.lib</uri>
    </library>
    <library logical="conn">
      <uri>/usr/share/kicad/library/conn.lib</uri>
    </library>
  </libraries>
  <nets>
    <net code="1" name="Net-(P5-Pad3)">
      <node ref="P5" pin="3"/>
      <node ref="P9" pin="9"/>
    </net>
    <net code="2" name="Net-(P5-Pad2)">
      <node ref="P9" pin="8"/>
      <node ref="P5" pin="2"/>
    </net>
    <net code="3" name="Net-(P5-Pad1)">
      <node ref="P9" pin="7"/>
      <node ref="P5" pin="1"/>
    </net>
    <net code="4" name="GND">
      <node ref="SW2" pin="1"/>
      <node ref="C1" pin="2"/>
      <node ref="C2" pin="2"/>
      <node ref="P14" pin="2"/>
      <node ref="P12" pin="2"/>
      <node ref="P13" pin="2"/>
      <node ref="SW1" pin="1"/>
      <node ref="A1" pin="29"/>
      <node ref="A1" pin="6"/>
      <node ref="A1" pin="7"/>
      <node ref="P9" pin="6"/>
      <node ref="P1" pin="2"/>
      <node ref="U1" pin="2"/>
      <node ref="P8" pin="6"/>
      <node ref="SW3" pin="1"/>
      <node ref="U1" pin="5"/>
      <node ref="P11" pin="6"/>
      <node ref="P10" pin="6"/>
      <node ref="P3" pin="5"/>
      <node ref="P2" pin="4"/>
      <node ref="CON1" pin="2"/>
    </net>
    <net code="5" name="Net-(P4-Pad4)">
      <node ref="P8" pin="10"/>
      <node ref="P4" pin="4"/>
    </net>
    <net code="6" name="Net-(P4-Pad3)">
      <node ref="P4" pin="3"/>
      <node ref="P8" pin="9"/>
    </net>
    <net code="7" name="Net-(P4-Pad2)">
      <node ref="P8" pin="8"/>
      <node ref="P4" pin="2"/>
    </net>
    <net code="8" name="Net-(P10-Pad7)">
      <node ref="P10" pin="7"/>
      <node ref="P6" pin="1"/>
    </net>
    <net code="9" name="Net-(P10-Pad10)">
      <node ref="P10" pin="10"/>
      <node ref="P6" pin="4"/>
    </net>
    <net code="10" name="Net-(P10-Pad9)">
      <node ref="P6" pin="3"/>
      <node ref="P10" pin="9"/>
    </net>
    <net code="11" name="Net-(P10-Pad8)">
      <node ref="P6" pin="2"/>
      <node ref="P10" pin="8"/>
    </net>
    <net code="12" name="Net-(P5-Pad4)">
      <node ref="P5" pin="4"/>
      <node ref="P9" pin="10"/>
    </net>
    <net code="13" name="Net-(CON1-Pad3)">
      <node ref="CON1" pin="3"/>
    </net>
    <net code="14" name="+24V">
      <node ref="D1" pin="1"/>
      <node ref="U1" pin="3"/>
      <node ref="P8" pin="5"/>
      <node ref="P10" pin="5"/>
      <node ref="U1" pin="6"/>
      <node ref="P9" pin="5"/>
      <node ref="P11" pin="5"/>
      <node ref="C1" pin="1"/>
    </net>
    <net code="15" name="Net-(CON1-Pad1)">
      <node ref="CON1" pin="1"/>
      <node ref="SW4" pin="1"/>
    </net>
    <net code="16" name="Net-(A1-Pad30)">
      <node ref="A1" pin="30"/>
    </net>
    <net code="17" name="Net-(A1-Pad31)">
      <node ref="A1" pin="31"/>
    </net>
    <net code="18" name="Net-(P4-Pad1)">
      <node ref="P4" pin="1"/>
      <node ref="P8" pin="7"/>
    </net>
    <net code="19" name="+5V">
      <node ref="P9" pin="1"/>
      <node ref="P10" pin="1"/>
      <node ref="P8" pin="1"/>
      <node ref="P11" pin="1"/>
      <node ref="A1" pin="5"/>
      <node ref="P14" pin="1"/>
      <node ref="A1" pin="2"/>
      <node ref="P13" pin="1"/>
      <node ref="P12" pin="1"/>
    </net>
    <net code="20" name="YLimit">
      <node ref="P2" pin="2"/>
      <node ref="A1" pin="25"/>
      <node ref="P13" pin="3"/>
    </net>
    <net code="21" name="XLimit">
      <node ref="A1" pin="24"/>
      <node ref="P12" pin="3"/>
      <node ref="P2" pin="1"/>
    </net>
    <net code="22" name="Net-(A1-Pad4)">
      <node ref="A1" pin="4"/>
    </net>
    <net code="23" name="Net-(A1-Pad3)">
      <node ref="A1" pin="3"/>
    </net>
    <net code="24" name="Net-(A1-Pad8)">
      <node ref="A1" pin="8"/>
    </net>
    <net code="25" name="ZLimit">
      <node ref="P2" pin="3"/>
      <node ref="P14" pin="3"/>
      <node ref="A1" pin="27"/>
    </net>
    <net code="26" name="Net-(D1-Pad2)">
      <node ref="D1" pin="2"/>
      <node ref="SW4" pin="2"/>
    </net>
    <net code="27" name="Net-(P11-Pad10)">
      <node ref="P11" pin="10"/>
      <node ref="P7" pin="4"/>
    </net>
    <net code="28" name="Net-(P11-Pad9)">
      <node ref="P11" pin="9"/>
      <node ref="P7" pin="3"/>
    </net>
    <net code="29" name="Net-(P11-Pad8)">
      <node ref="P7" pin="2"/>
      <node ref="P11" pin="8"/>
    </net>
    <net code="30" name="Net-(P11-Pad7)">
      <node ref="P7" pin="1"/>
      <node ref="P11" pin="7"/>
    </net>
    <net code="31" name="Net-(U1-Pad4)">
      <node ref="U1" pin="4"/>
    </net>
    <net code="32" name="Net-(C2-Pad1)">
      <node ref="C2" pin="1"/>
      <node ref="P1" pin="1"/>
      <node ref="U1" pin="1"/>
    </net>
    <net code="33" name="Net-(A1-Pad32)">
      <node ref="A1" pin="32"/>
    </net>
    <net code="34" name="Net-(A1-Pad11)">
      <node ref="A1" pin="11"/>
      <node ref="SW3" pin="2"/>
    </net>
    <net code="35" name="Net-(A1-Pad10)">
      <node ref="SW2" pin="2"/>
      <node ref="A1" pin="10"/>
    </net>
    <net code="36" name="Net-(A1-Pad9)">
      <node ref="A1" pin="9"/>
      <node ref="SW1" pin="2"/>
    </net>
    <net code="37" name="PulseX">
      <node ref="A1" pin="17"/>
      <node ref="P8" pin="2"/>
    </net>
    <net code="38" name="Net-(A1-Pad16)">
      <node ref="A1" pin="16"/>
    </net>
    <net code="39" name="Net-(A1-Pad15)">
      <node ref="A1" pin="15"/>
    </net>
    <net code="40" name="Net-(A1-Pad13)">
      <node ref="A1" pin="13"/>
    </net>
    <net code="41" name="PulseY">
      <node ref="P10" pin="2"/>
      <node ref="A1" pin="18"/>
      <node ref="P9" pin="2"/>
    </net>
    <net code="42" name="DirectionX">
      <node ref="A1" pin="20"/>
      <node ref="P8" pin="3"/>
    </net>
    <net code="43" name="PulseZ">
      <node ref="P11" pin="2"/>
      <node ref="A1" pin="19"/>
    </net>
    <net code="44" name="StepperEnable">
      <node ref="A1" pin="23"/>
      <node ref="P9" pin="4"/>
      <node ref="P11" pin="4"/>
      <node ref="P10" pin="4"/>
      <node ref="P8" pin="4"/>
    </net>
    <net code="45" name="DirectionZ">
      <node ref="P11" pin="3"/>
      <node ref="A1" pin="22"/>
    </net>
    <net code="46" name="DirectionY">
      <node ref="P9" pin="3"/>
      <node ref="A1" pin="21"/>
      <node ref="P10" pin="3"/>
    </net>
    <net code="47" name="Probe">
      <node ref="A1" pin="14"/>
      <node ref="P3" pin="2"/>
    </net>
    <net code="48" name="SpindlePWM">
      <node ref="A1" pin="26"/>
      <node ref="P3" pin="4"/>
    </net>
    <net code="49" name="SpindleDirection">
      <node ref="P3" pin="3"/>
      <node ref="A1" pin="28"/>
    </net>
    <net code="50" name="CoolantEnable">
      <node ref="P3" pin="1"/>
      <node ref="A1" pin="12"/>
    </net>
  </nets>
</export>
