Source,/home/cphajduk/kicad/Projects/TB6600 Driver Carrier.sch,,,,,,
Kicad Rev,Eeschema 4.0.2+dfsg1-stable,,,,,,
Generated Date,Thu 23 May 2019 03:19:57 PM EDT,,,,,,
,,,,,,,
Title,Not Set,,,,,,
Company,Not Set,,,,,,
Revision,Not Set,,,,,,
Date Issue,Not Set,,,,,,
,,,,,,,
Reference,Value,Quantity Per Board,Part Number,Digikey Unit Price,Quantity for 500 Boards,Digikey Unit Price for 500 Boards (Includes Quantity),Digikey Link
'P8, P9, P10, P11','X-Driver, Y1-Driver, Y2-Driver, Z-Driver',1.3333333333,RH-695,-,666.6666666667,$0.80,https://www.alibaba.com/product-detail/1-32Pin-2-54MM-10MM-Single_60409475914.html?spm=a2700.8443308.0.0.59263e5fusymOw&fbclid=IwAR2q0XJIliIm76313LFvFHPNs_Addl6vJWSwrpuMI7b7zUyGRsBiU17WQeU
'SW1,SW2,SW3','Play_Btn, Pause_Btn, Cancel_Btn',3,B3F-4055,$0.65,1500,$0.38,https://www.digikey.ca/product-detail/en/omron-electronics-inc-emc-div/B3F-4055/SW414-ND/31799
A1,ARDUINO_UNO_REV3,1,A000073,$31.93,500,$31.93,https://www.digikey.ca/product-detail/en/arduino/A000073/1050-1041-ND/3476357
P3,OtherControls,1,282834-5,$4.34,500,$2.25,https://www.digikey.ca/product-detail/en/te-connectivity-amp-connectors/282834-5/A98336-ND/1153266
CON1,'BARREL_JACK (48V, 10A)',1,JACK-C-PC-10A-RA(R),$4.86,500,$3.30,https://www.digikey.ca/product-detail/en/globtek-inc/JACK-C-PC-10A-RA(R)/1939-1086-ND/8597889
'P2,P4,P5,P6,P7','XYZLimits,Xmotor,Y1Motor,Y2Motor,Zmotor',5,OSTVN04A150,$2.00,2500,$0.84,https://www.digikey.ca/product-detail/en/on-shore-technology-inc/OSTVN04A150/ED10563-ND/1588864
SW4,SPST – ON/OFF Switch,1,SRB22A2FBBNN,$1.38,500,$1.05,https://www.digikey.ca/product-detail/en/zf-electronics/SRB22A2FBBNN/CH755-ND/446021
D1,V15PN50-M3/86A,1,V15PN50-M3/86A,$1.39,500,$0.80,https://www.digikey.ca/product-detail/en/vishay-semiconductor-diodes-division/V15PN50-M3-86A/V15PN50-M3-86AGICT-ND/4383899
P1,Fan Terminal,1,282834-2,$1.28,500,$0.61,https://www.digikey.ca/product-detail/en/te-connectivity-amp-connectors/282834-2/A98333-ND/1150135
U1,S-1142BC0I-E6T1U,1,S-1142BC0I-E6T1U,$2.55,500,$1.38,https://www.digikey.ca/product-detail/en/ablic-u-s-a-inc/S-1142BC5I-E6T1U/1662-2900-1-ND/8022032
'C1, C2',0.1uF,2,CL10B104KB8NNNC,$0.15,1000,$0.01,https://www.digikey.ca/product-detail/en/samsung-electro-mechanics/CL10B104KB8NNNC/1276-1000-1-ND/3889086
'P12, P13, P14','Xlimit, YLimit, Zlimit Connectors (JST Connectors)',3,B3B-XH-A(LF)(SN),$0.28,1500,$0.12,https://www.digikey.ca/product-detail/en/jst-sales-america-inc/B3B-XH-A-LF-SN/455-2248-ND/1651046
,,,,,0,,
Other Items,,,,,0,,
,Switch Connectors,2,2-520181-2,$0.39,1000,$0.19,https://www.digikey.ca/product-detail/en/te-connectivity-amp-connectors/2-520181-2/A27804CT-ND/385284
,Power Supply ????,,,,,,
,18 AWG Wire (250ft),,,,,,
