Designator,Manufacturer Part Number or Seeed SKU,Qty,Link
"P4,P5,P6,P7",WJ2EDGRC-5.08-4P,4,https://lcsc.com/product-detail/Pluggable-System-Terminal-Block_Ningbo-Kangnex-Elec-WJ2EDGRC-5-08-4P_C8446.html
P2,WJ15EDGRC-3.81-5P,1,https://lcsc.com/product-detail/Pluggable-System-Terminal-Block_Ningbo-Kangnex-Elec-WJ15EDGRC-3-81-5P_C8395.html
"P1,P3,P16,P17,P18",WJ15EDGRC-3.81-2P,5,https://lcsc.com/product-detail/Pluggable-System-Terminal-Block_Ningbo-Kangnex-Elec-WJ15EDGRC-3-81-2P_C8387.html
SW4,SS11-BBIWQ-R20-R,1,https://lcsc.com/product-detail/Others_Legion-SS11-BBIWQ-R20-R_C309066.html
D1,SVM1550UB_R2_00001,1,https://lcsc.com/product-detail/Schottky-Barrier-Diodes-SBD_SVM1550UB_C138358.html
"C1,C2,C3,C4,C5,C6,C7,C8,C9",0603F104M500NT,9,https://lcsc.com/product-detail/Multilayer-Ceramic-Capacitors-MLCC-SMD-SMT_100nF-104-20-50V_C42998.html
"P12 P13,P14",S4B-XH-A-1(LF)(SN),3,https://lcsc.com/product-detail/Wire-To-Board-Wire-To-Wire-Connector_JST-Sales-America_S4B-XH-A-1-LF-SN_JST-Sales-America-S4B-XH-A-1-LF-SN_C163037.html
"SW1,SW2,SW3",TC-1103-C-U,3,https://lcsc.com/product-detail/Tactile-Switches_XKB-Enterprise-TC-1103-C-U_C318968.html
U1,LM317AHVT,1,https://lcsc.com/product-detail/Linear-Voltage-Regulators_ON-Semicon_LM317AHVT_ON-Semicon-ON-LM317AHVT_C111074.html
A1,C57369,1,https://lcsc.com/product-detail/Pin-Header-Female-Header_Boom-Precision-Elec-Headers-Pins-2-54mm-1-10P_C57369.html
A1,Z-211-0811-0021-001,2,https://lcsc.com/product-detail/Pin-Header-Female-Header_Nextronics-Engineering-Z-211-0811-0021-001_C190820.html
A1,A2541WV-6P,1,https://lcsc.com/product-detail/Pin-Header-Female-Header_Changjiang-Connectors-A2541WV-6P_C225481.html
R2,0603WAF1151T5E,1,https://lcsc.com/product-detail/Chip-Resistor-Surface-Mount_Uniroyal-Elec-0603WAF1151T5E_C22834.html
R1,0603WAF1002T5E,1,https://lcsc.com/product-detail/Chip-Resistor-Surface-Mount_Uniroyal-Elec-0603WAF1002T5E_C25804.html
P15,WJ2EDGRC-5.08-2P,1,https://lcsc.com/product-detail/Pluggable-System-Terminal-Block_Ningbo-Kangnex-Elec-WJ2EDGRC-5-08-2P_C3697.html
