<?xml version="1.0" encoding="UTF-8"?><module codename="org.openide.nodes">
    <module_version install_time="1530418308287" last="true" origin="installer" specification_version="7.45.1">
        <file crc="11361373" name="config/ModuleAutoDeps/org-openide-nodes.xml"/>
        <file crc="3092369940" name="config/Modules/org-openide-nodes.xml"/>
        <file crc="3577049326" name="modules/locale/org-openide-nodes_ja.jar"/>
        <file crc="205410191" name="modules/locale/org-openide-nodes_pt_BR.jar"/>
        <file crc="3149076125" name="modules/locale/org-openide-nodes_ru.jar"/>
        <file crc="1307211849" name="modules/locale/org-openide-nodes_zh_CN.jar"/>
        <file crc="2463642234" name="modules/org-openide-nodes.jar"/>
    </module_version>
</module>
