<?xml version="1.0" encoding="UTF-8"?><module codename="org.netbeans.modules.templatesui">
    <module_version install_time="1530418301716" last="true" origin="installer" specification_version="1.3.1">
        <file crc="1388336889" name="config/Modules/org-netbeans-modules-templatesui.xml"/>
        <file crc="4092777990" name="modules/locale/org-netbeans-modules-templatesui_ja.jar"/>
        <file crc="4007827052" name="modules/locale/org-netbeans-modules-templatesui_pt_BR.jar"/>
        <file crc="562154170" name="modules/locale/org-netbeans-modules-templatesui_ru.jar"/>
        <file crc="3506897061" name="modules/locale/org-netbeans-modules-templatesui_zh_CN.jar"/>
        <file crc="216505818" name="modules/org-netbeans-modules-templatesui.jar"/>
    </module_version>
</module>
