<?xml version="1.0" encoding="UTF-8"?><module codename="org.netbeans.modules.keyring.impl">
    <module_version install_time="1530418301012" last="true" origin="installer" specification_version="1.24.1">
        <file crc="729697579" name="config/Modules/org-netbeans-modules-keyring-impl.xml"/>
        <file crc="2232222895" name="modules/locale/org-netbeans-modules-keyring-impl_ja.jar"/>
        <file crc="1919786291" name="modules/locale/org-netbeans-modules-keyring-impl_pt_BR.jar"/>
        <file crc="2408295362" name="modules/locale/org-netbeans-modules-keyring-impl_ru.jar"/>
        <file crc="411547531" name="modules/locale/org-netbeans-modules-keyring-impl_zh_CN.jar"/>
        <file crc="3511863284" name="modules/org-netbeans-modules-keyring-impl.jar"/>
    </module_version>
</module>
