<?xml version="1.0" encoding="UTF-8"?><module codename="org.netbeans.core.ui/1">
    <module_version install_time="1530418299531" last="true" origin="installer" specification_version="1.45.1">
        <file crc="3186674130" name="config/Modules/org-netbeans-core-ui.xml"/>
        <file crc="2146257756" name="modules/locale/org-netbeans-core-ui_ja.jar"/>
        <file crc="2134172935" name="modules/locale/org-netbeans-core-ui_pt_BR.jar"/>
        <file crc="3571599750" name="modules/locale/org-netbeans-core-ui_ru.jar"/>
        <file crc="963789353" name="modules/locale/org-netbeans-core-ui_zh_CN.jar"/>
        <file crc="3412202082" name="modules/org-netbeans-core-ui.jar"/>
    </module_version>
</module>
