Total Board Size: ,259.4mm*107.8mm,,
,,,
Layer,Material,Thickness (mm),Filename
Top Overlay,Any White Ink,,TB6600 Driver Carrier-F.SilkS.gbr
Top Solder Mask,Any Black Solder Mask,0.01,TB6600 Driver Carrier-F.Mask.gbr
Top Copper,Copper,>=0.03405,TB6600 Driver Carrier-F.Cu.gbr
Dielectric,FR4 [TG 130-140],1.5,
Bottom Copper,Copper,>=0.03405,TB6600 Driver Carrier-B.Cu.gbr
Bottom Solder Mask,Any Black Solder Mask,0.01,TB6600 Driver Carrier-B.Mask.gbr
Bottom Overlay,Any White Ink,,TB6600 Driver Carrier-B.SilkS.gbr
Total,,1.5881,
,,,
Drill File,,,TB6600 Driver Carrier.drl
NPTH Drill File,,,TB6600 Driver Carrier-NPTH.drl
Outline File,,,TB6600 Driver Carrier-Edge.Cuts.gbr
,,,
Other Requirements:,,,
Minimum Track/Spacing,6/6mil,,
Minimum Hole Size,0.3mm,,
Solder Mask,Black,,
Gold fingers,No,,
Surface Finish,HASL with Lead,,
Copper Fill (oz/sq ft),1,,
