Designator,Manufacturer Part Number,Qty,Link
"P4,P5,P6,P7",WJ2EDGRC-5.08-4P,4,https://lcsc.com/product-detail/Pluggable-System-Terminal-Block_Ningbo-Kangnex-Elec-WJ2EDGRC-5-08-4P_C8446.html?fbclid=IwAR20A9WCjfTPLoimdSL6HPUaw0owxELAkYvYe-3uTRNEZchwfBCtOkYLhGw
P2,WJ15EDGRC-3.81-5P,1,https://lcsc.com/product-detail/Pluggable-System-Terminal-Block_Ningbo-Kangnex-Elec-WJ15EDGRC-3-81-5P_C8395.html
"P1,P3,P16,P17,P18",WJ15EDGRC-3.81-2P,5,https://lcsc.com/product-detail/Pluggable-System-Terminal-Block_Ningbo-Kangnex-Elec-WJ15EDGRC-3-81-2P_C8387.html
SW4,WJ2EDGV-5.08-2P,1,https://lcsc.com/product-detail/Pluggable-System-Terminal-Block_Ningbo-Kangnex-Elec-WJ2EDGV-5-08-2P_C8461.html
D1,SVM1550UB_R2_00001,1,https://lcsc.com/product-detail/Schottky-Barrier-Diodes-SBD_SVM1550UB_C138358.html
"C1,C2,C3,C4,C5,C6,C7,C8,C9",0603F104M500NT,9,https://lcsc.com/product-detail/Multilayer-Ceramic-Capacitors-MLCC-SMD-SMT_100nF-104-20-50V_C42998.html
"P12 P13,P14",S4B-XH-A-1(LF)(SN),3,https://lcsc.com/product-detail/Wire-To-Board-Wire-To-Wire-Connector_JST-Sales-America_S4B-XH-A-1-LF-SN_JST-Sales-America-S4B-XH-A-1-LF-SN_C163037.html
"SW1,SW2,SW3",TC-1103-C-U,3,https://lcsc.com/product-detail/Tactile-Switches_XKB-Enterprise-TC-1103-C-U_C318968.html
U1,LM317TG,1,https://lcsc.com/product-detail/Voltage-References_ON-Semicon_LM317TG_ON-Semicon-ON-LM317TG_C89320.html
A1,C57369,1,https://lcsc.com/product-detail/Pin-Header-Female-Header_Boom-Precision-Elec-Headers-Pins-2-54mm-1-10P_C57369.html
A1,Z-211-0811-0021-001,2,https://lcsc.com/product-detail/Pin-Header-Female-Header_Nextronics-Engineering-Z-211-0811-0021-001_C190820.html
A1,A2541WV-6P,1,https://lcsc.com/product-detail/Pin-Header-Female-Header_Changjiang-Connectors-A2541WV-6P_C225481.html
"R2,R10",0603WAF1151T5E,2,https://lcsc.com/product-detail/Chip-Resistor-Surface-Mount_Uniroyal-Elec-0603WAF1151T5E_C22834.html
"R1,R3,R4,R5,R6,R7,R8,R9",RC0603FR-0710KL,8,https://lcsc.com/product-detail/Chip-Resistor-Surface-Mount_YAGEO-RC0603FR-0710KL_C98220.html
P15,WJ2EDGRC-5.08-2P,1,https://lcsc.com/product-detail/Pluggable-System-Terminal-Block_Ningbo-Kangnex-Elec-WJ2EDGRC-5-08-2P_C3697.html
"M1,M2,M3,M4",SMTSO-40-50-M-T-J,4,https://www.alibaba.com/product-detail/PCB-Standoff-Manufacturer-s-direct-supply_60795106729.html?spm=a2700.galleryofferlist.0.0.65a5444cRqpCxe&bypass=true
"D2,D3,D4,D5,D6,D7,D8,D10",GS1002FL_R1_00001,9,https://lcsc.com/product-detail/Others_PANJIT-International-GS1002FL_C353853.html
D9,2SA0603V32F0SW001,1,https://lcsc.com/product-detail/Light-Emitting-Diodes-LED_Brightek-Optoelectronics-2SA0603V32F0SW001_C233190.html
C10,1206B105K101NT,1,https://lcsc.com/product-detail/Multilayer-Ceramic-Capacitors-MLCC-SMD-SMT_FH-Guangdong-Fenghua-Advanced-Tech-1206B105K101NT_C91151.html
R11,CR1210F162RP05Z,1,https://lcsc.com/product-detail/Chip-Resistor-Surface-Mount_Ever-Ohms-Tech-CR1210F162RP05_C174452.html
D11,SMBJ58CA,1,https://lcsc.com/product-detail/Others_SEMIWARE-SMBJ58CA_C294920.html
