<?xml version="1.0" encoding="UTF-8"?><module codename="org.netbeans.modules.editor.plain.lib/1">
    <module_version install_time="1530418309347" last="true" origin="installer" specification_version="1.33.1">
        <file crc="387640368" name="config/Modules/org-netbeans-modules-editor-plain-lib.xml"/>
        <file crc="1834094685" name="modules/locale/org-netbeans-modules-editor-plain-lib_ja.jar"/>
        <file crc="1315410554" name="modules/locale/org-netbeans-modules-editor-plain-lib_pt_BR.jar"/>
        <file crc="868522220" name="modules/locale/org-netbeans-modules-editor-plain-lib_ru.jar"/>
        <file crc="1485817013" name="modules/locale/org-netbeans-modules-editor-plain-lib_zh_CN.jar"/>
        <file crc="3462373527" name="modules/org-netbeans-modules-editor-plain-lib.jar"/>
    </module_version>
</module>
